{"stats":{"minecraft:broken":{"minecraft:leather_leggings":1},"minecraft:killed_by":{"minecraft:player":1},"minecraft:picked_up":{"minecraft:fishing_rod":1,"minecraft:crafting_table":2,"minecraft:chicken":7,"minecraft:wooden_pickaxe":1,"gravestone:obituary":2,"minecraft:shield":2,"iceandfire:manuscript":4,"minecraft:string":2,"biomesoplenty:yellow_autumn_sapling":6,"aquaculture:bluegill":1,"usefulbackpacks:backpack_small":1,"minecraft:gold_nugget":456,"minecraft:beef":7,"minecraft:calcite":9,"minecraft:iron_boots":1,"minecraft:egg":3,"minecraft:dark_oak_sapling":15,"minecraft:stick":35,"iceandfire:dragonbone":1,"minecraft:porkchop":17,"minecraft:cherry_log":20,"minecraft:carrot":12,"minecraft:rotten_flesh":20,"minecraft:arrow":3,"minecraft:beetroot_seeds":3,"biomesoplenty:mahogany_sapling":4,"minecraft:hay_block":24,"aquaculture:carp":1,"minecraft:mangrove_roots":1,"minecraft:mutton":10,"minecraft:white_wool":6,"minecraft:birch_log":6,"minecraft:feather":7,"minecraft:lilac":2,"minecraft:brown_wool":1,"minecraft:leather":5,"duneons:glaivespooky":1,"minecraft:potato":5,"minecraft:oak_log":15,"duneons:scattermines":1,"minecraft:dirt":25,"iceandfire:dragonscales_bronze":9,"minecraft:bone":9,"minecraft:apple":2,"minecraft:wheat_seeds":22,"duneons:tempestknifeblue":1,"duneons:mountaineeraxeiron":1,"duneons:full_plate_spooky_helmet":2,"duneons:keydiamond":1,"minecraft:sweet_berries":31,"minecraft:dandelion":2,"duneons:full_plate_spooky_chestplate":2,"minecraft:spruce_sapling":7,"minecraft:ink_sac":1,"minecraft:white_bed":1,"minecraft:spruce_log":17,"minecraft:dark_oak_log":20,"biomesoplenty:mahogany_log":16,"minecraft:crossbow":2,"minecraft:cherry_sapling":14,"minecraft:gray_wool":1,"minecraft:bread":2,"alexsmobs:banana_slug_slime":4,"minecraft:oak_sapling":9,"duneons:cobwebdig":1},"minecraft:mined":{"minecraft:white_bed":1,"minecraft:mangrove_roots":1,"gravestone:gravestone":4,"minecraft:grass_block":14,"minecraft:spruce_leaves":29,"minecraft:spawner":1,"minecraft:hay_block":24,"minecraft:carrots":12,"treechop:chopped_log":9,"minecraft:potatoes":5,"duneons:cobwebdig":1,"iceandfire:gold_pile":52,"minecraft:dirt_path":1,"minecraft:dandelion":2,"minecraft:crafting_table":2,"minecraft:calcite":9,"minecraft:tall_grass":3,"minecraft:wheat":6,"minecraft:sweet_berry_bush":12,"minecraft:lilac":2,"minecraft:spruce_log":1,"minecraft:grass":64,"minecraft:beetroots":3,"minecraft:dirt":10,"minecraft:oak_leaves":3},"minecraft:crafted":{"minecraft:oak_planks":60,"minecraft:dark_oak_planks":80,"minecraft:wheat":216,"minecraft:spruce_planks":64,"minecraft:bread":72,"minecraft:gold_ingot":52},"minecraft:dropped":{"aquaculture:carp":1,"minecraft:iron_ingot":1,"minecraft:wheat_seeds":22,"alexsmobs:banana_slug_slime":4,"minecraft:lilac":2,"duneons:burstgale":1,"minecraft:lead":2,"duneons:claymoreblade":1,"minecraft:leather":2,"duneons:cobwebdig":1,"minecraft:coal":21,"minecraft:leather_helmet":1,"minecraft:emerald":3,"minecraft:stick":35,"minecraft:dirt":6,"duneons:glaivespooky":1,"minecraft:gray_wool":1,"mca:book_romance":1,"minecraft:ink_sac":1,"minecraft:brown_wool":1,"minecraft:iron_leggings":1,"gravestone:obituary":6,"minecraft:gold_nugget":2,"duneons:sabrewing_bow":2,"minecraft:string":1,"minecraft:white_wool":3,"iceandfire:dragonscales_bronze":9,"iceandfire:dragonbone":1,"minecraft:dandelion":2,"minecraft:gold_ingot":8,"minecraft:sweet_berries":3,"minecraft:mangrove_roots":1,"duneons:keydiamond":1,"minecraft:rotten_flesh":20,"minecraft:iron_boots":1,"duneons:corruptedbeaconaold":1,"duneons:beenestitem":1,"minecraft:carrot":11,"duneons:full_plate_spooky_chestplate":1,"minecraft:poppy":1,"minecraft:leather_chestplate":2,"minecraft:potato":5,"minecraft:shield":1,"aquaculture:bluegill":1,"duneons:scattermines":1,"duneons:full_plate_spooky_helmet":1,"minecraft:beetroot_seeds":3,"minecraft:oak_sapling":1,"minecraft:spruce_log":1,"minecraft:wooden_pickaxe":1,"iceandfire:manuscript":4},"minecraft:used":{"minecraft:shield":9,"duneons:tempestknifeblue":61,"minecraft:dirt":19,"minecraft:carrot":5,"duneons:mountaineeraxeiron":16,"duneons:glaivespooky":221,"minecraft:sweet_berries":35,"minecraft:calcite":9,"minecraft:oak_planks":8,"minecraft:crafting_table":1,"minecraft:white_bed":1,"minecraft:apple":7,"minecraft:bread":31},"minecraft:custom":{"minecraft:mob_kills":69,"minecraft:interact_with_crafting_table":6,"minecraft:open_barrel":4,"minecraft:bell_ring":20,"minecraft:leave_game":11,"minecraft:time_since_death":7586,"minecraft:climb_one_cm":1400,"minecraft:sprint_one_cm":233683,"minecraft:walk_one_cm":440437,"minecraft:damage_blocked_by_shield":50,"minecraft:drop":147,"minecraft:play_time":114989,"minecraft:deaths":4,"minecraft:sneak_time":1569,"minecraft:walk_under_water_one_cm":31512,"minecraft:jump":2297,"minecraft:walk_on_water_one_cm":23165,"minecraft:total_world_time":114989,"minecraft:sleep_in_bed":3,"minecraft:time_since_rest":7612,"minecraft:damage_taken":2973,"minecraft:damage_dealt":20322,"minecraft:swim_one_cm":55972,"minecraft:fly_one_cm":244800,"minecraft:open_chest":5,"minecraft:crouch_one_cm":1212,"minecraft:fall_one_cm":58908},"minecraft:killed":{"mca:female_zombie_villager":1,"minecraft:spider":1,"minecraft:skeleton":3,"alexsmobs:banana_slug":1,"duneons:squallgolem":10,"minecraft:chicken":7,"minecraft:drowned":2,"minecraft:wolf":1,"minecraft:husk":1,"minecraft:pig":8,"minecraft:squid":1,"minecraft:creeper":1,"duneons:mountaineer":13,"minecraft:sheep":8,"alexsmobs:gelada_monkey":1,"minecraft:goat":1,"minecraft:zombie":3,"minecraft:cow":5}},"DataVersion":3465}