{"stats":{"minecraft:picked_up":{"duneons:keydiamond":1,"minecraft:dark_oak_sapling":15,"minecraft:stick":21,"minecraft:feather":5,"minecraft:chicken":6,"minecraft:leather":2,"minecraft:brown_wool":1,"duneons:glaivespooky":1,"minecraft:potato":5,"minecraft:porkchop":9,"minecraft:oak_log":15,"duneons:full_plate_spooky_chestplate":1,"minecraft:spruce_sapling":7,"minecraft:spruce_log":16,"minecraft:white_bed":1,"minecraft:carrot":12,"minecraft:dark_oak_log":20,"minecraft:dirt":3,"minecraft:bone":6,"minecraft:apple":2,"minecraft:beetroot_seeds":3,"minecraft:wheat_seeds":15,"minecraft:hay_block":14,"minecraft:beef":5,"minecraft:gray_wool":1,"minecraft:bread":2,"duneons:full_plate_spooky_helmet":1,"minecraft:oak_sapling":8,"duneons:cobwebdig":1,"minecraft:mutton":6,"minecraft:white_wool":3,"minecraft:egg":3},"minecraft:mined":{"minecraft:hay_block":14,"minecraft:white_bed":1,"minecraft:carrots":12,"minecraft:wheat":6,"treechop:chopped_log":6,"gravestone:gravestone":1,"minecraft:grass":57,"minecraft:grass_block":1,"minecraft:potatoes":5,"minecraft:beetroots":3,"minecraft:dirt_path":1,"duneons:cobwebdig":1,"minecraft:dirt":1,"minecraft:tall_grass":3},"minecraft:crafted":{"minecraft:oak_planks":60,"minecraft:spruce_planks":64,"minecraft:dark_oak_planks":80,"minecraft:bread":42,"minecraft:wheat":126},"minecraft:dropped":{"minecraft:leather_chestplate":2,"minecraft:wheat_seeds":15,"mca:book_romance":1,"minecraft:beetroot_seeds":3,"duneons:keydiamond":1,"gravestone:obituary":1,"duneons:cobwebdig":1,"minecraft:leather_helmet":1,"minecraft:stick":21},"minecraft:used":{"duneons:glaivespooky":11,"minecraft:bread":4,"minecraft:dirt":3,"minecraft:carrot":2},"minecraft:killed":{"minecraft:sheep":4,"minecraft:wolf":1,"minecraft:pig":5,"minecraft:chicken":6,"minecraft:cow":3},"minecraft:custom":{"minecraft:time_since_rest":18217,"minecraft:sprint_one_cm":85879,"minecraft:damage_taken":433,"minecraft:walk_one_cm":155531,"minecraft:mob_kills":20,"minecraft:drop":25,"minecraft:damage_dealt":1532,"minecraft:interact_with_crafting_table":2,"minecraft:fly_one_cm":110740,"minecraft:open_chest":1,"minecraft:walk_under_water_one_cm":449,"minecraft:crouch_one_cm":968,"minecraft:play_time":36992,"minecraft:bell_ring":15,"minecraft:deaths":1,"minecraft:sneak_time":1251,"minecraft:jump":684,"minecraft:leave_game":4,"minecraft:time_since_death":27736,"minecraft:walk_on_water_one_cm":1322,"minecraft:sleep_in_bed":1,"minecraft:total_world_time":36992,"minecraft:climb_one_cm":672,"minecraft:fall_one_cm":18304}},"DataVersion":3465}