{"stats":{"minecraft:picked_up":{"minecraft:feather":5,"minecraft:chicken":6,"minecraft:leather":2,"minecraft:brown_wool":1,"duneons:glaivespooky":1,"minecraft:potato":5,"minecraft:oak_log":15,"minecraft:dirt":3,"minecraft:bone":6,"minecraft:apple":2,"minecraft:wheat_seeds":15,"minecraft:beef":5,"duneons:mountaineeraxeiron":1,"duneons:full_plate_spooky_helmet":1,"minecraft:egg":3,"duneons:keydiamond":1,"minecraft:dark_oak_sapling":15,"minecraft:stick":21,"minecraft:porkchop":14,"duneons:full_plate_spooky_chestplate":1,"minecraft:spruce_sapling":7,"minecraft:carrot":12,"minecraft:white_bed":1,"minecraft:spruce_log":16,"minecraft:dark_oak_log":20,"minecraft:beetroot_seeds":3,"minecraft:hay_block":14,"minecraft:gray_wool":1,"minecraft:bread":2,"minecraft:oak_sapling":8,"duneons:cobwebdig":1,"minecraft:mutton":6,"minecraft:white_wool":3},"minecraft:mined":{"minecraft:white_bed":1,"gravestone:gravestone":1,"minecraft:grass_block":1,"minecraft:tall_grass":3,"minecraft:hay_block":14,"minecraft:carrots":12,"minecraft:wheat":6,"treechop:chopped_log":6,"minecraft:grass":57,"minecraft:potatoes":5,"minecraft:dirt_path":1,"minecraft:beetroots":3,"duneons:cobwebdig":1,"minecraft:dirt":1},"minecraft:crafted":{"minecraft:oak_planks":60,"minecraft:spruce_planks":64,"minecraft:bread":42,"minecraft:dark_oak_planks":80,"minecraft:wheat":126},"minecraft:dropped":{"minecraft:wheat_seeds":15,"duneons:keydiamond":1,"duneons:cobwebdig":1,"minecraft:leather_helmet":1,"minecraft:stick":21,"minecraft:leather_chestplate":2,"mca:book_romance":1,"minecraft:beetroot_seeds":3,"gravestone:obituary":1},"minecraft:used":{"minecraft:dirt":3,"minecraft:carrot":5,"minecraft:white_bed":1,"duneons:glaivespooky":147,"minecraft:apple":2,"minecraft:bread":10},"minecraft:custom":{"minecraft:mob_kills":39,"minecraft:interact_with_crafting_table":3,"minecraft:bell_ring":15,"minecraft:leave_game":6,"minecraft:time_since_death":39278,"minecraft:sleep_in_bed":3,"minecraft:climb_one_cm":672,"minecraft:time_since_rest":9105,"minecraft:sprint_one_cm":113577,"minecraft:walk_one_cm":204932,"minecraft:damage_taken":865,"minecraft:drop":25,"minecraft:damage_dealt":13030,"minecraft:fly_one_cm":155630,"minecraft:open_chest":1,"minecraft:crouch_one_cm":968,"minecraft:play_time":48534,"minecraft:deaths":1,"minecraft:sneak_time":1251,"minecraft:walk_under_water_one_cm":7349,"minecraft:jump":847,"minecraft:walk_on_water_one_cm":4258,"minecraft:total_world_time":48534,"minecraft:fall_one_cm":21919},"minecraft:killed":{"minecraft:wolf":1,"minecraft:pig":7,"duneons:mountaineer":13,"minecraft:sheep":4,"duneons:squallgolem":4,"minecraft:chicken":6,"minecraft:cow":3}},"DataVersion":3465}