{"stats":{"minecraft:dropped":{"aquaculture:carp":1,"minecraft:iron_ingot":1,"minecraft:wheat_seeds":23,"alexsmobs:banana_slug_slime":4,"minecraft:lilac":2,"duneons:burstgale":1,"minecraft:lead":2,"duneons:claymoreblade":1,"minecraft:leather":2,"duneons:cobwebdig":1,"minecraft:coal":21,"minecraft:leather_helmet":1,"minecraft:emerald":3,"minecraft:stick":35,"minecraft:dirt":8,"duneons:glaivespooky":1,"minecraft:gray_wool":1,"mca:book_romance":1,"minecraft:ink_sac":1,"minecraft:brown_wool":1,"minecraft:iron_leggings":1,"gravestone:obituary":8,"minecraft:gold_nugget":2,"duneons:sabrewing_bow":2,"minecraft:string":1,"minecraft:white_wool":3,"minecraft:gold_ingot":8,"iceandfire:dragonscales_bronze":9,"minecraft:dandelion":2,"iceandfire:dragonbone":1,"minecraft:sweet_berries":3,"minecraft:mangrove_roots":1,"duneons:keydiamond":1,"minecraft:rotten_flesh":26,"minecraft:iron_boots":1,"duneons:corruptedbeaconaold":1,"duneons:beenestitem":1,"minecraft:carrot":11,"duneons:full_plate_spooky_chestplate":1,"minecraft:poppy":1,"minecraft:leather_chestplate":2,"minecraft:potato":5,"minecraft:shield":1,"aquaculture:bluegill":1,"duneons:scattermines":1,"minecraft:beetroot_seeds":3,"duneons:full_plate_spooky_helmet":1,"minecraft:oak_sapling":1,"minecraft:spruce_log":1,"biomesoplenty:mahogany_sapling":6,"minecraft:wooden_pickaxe":1,"iceandfire:manuscript":4},"minecraft:killed":{"mca:female_zombie_villager":1,"minecraft:spider":1,"minecraft:skeleton":3,"alexsmobs:banana_slug":1,"duneons:squallgolem":10,"minecraft:chicken":7,"minecraft:drowned":2,"minecraft:wolf":1,"minecraft:husk":1,"minecraft:pig":11,"minecraft:squid":1,"minecraft:creeper":1,"duneons:mountaineer":13,"minecraft:sheep":8,"alexsmobs:gelada_monkey":1,"minecraft:goat":1,"minecraft:zombie":4,"minecraft:cow":5},"minecraft:mined":{"minecraft:white_bed":4,"minecraft:mangrove_roots":1,"gravestone:gravestone":6,"minecraft:grass_block":16,"minecraft:spruce_leaves":29,"minecraft:spawner":1,"minecraft:large_fern":1,"minecraft:hay_block":24,"minecraft:carrots":12,"treechop:chopped_log":10,"minecraft:potatoes":5,"iceandfire:gold_pile":52,"duneons:cobwebdig":1,"minecraft:dirt_path":1,"minecraft:dandelion":2,"minecraft:crafting_table":2,"minecraft:calcite":9,"minecraft:melon":11,"minecraft:tall_grass":4,"minecraft:jungle_wood":2,"minecraft:wheat":6,"minecraft:sweet_berry_bush":12,"minecraft:lilac":2,"minecraft:spruce_log":1,"minecraft:grass":65,"minecraft:beetroots":3,"minecraft:dirt":10,"minecraft:oak_leaves":3,"minecraft:fern":6},"minecraft:broken":{"minecraft:leather_leggings":1},"minecraft:picked_up":{"minecraft:fishing_rod":1,"minecraft:crafting_table":2,"minecraft:chicken":7,"minecraft:wooden_pickaxe":1,"gravestone:obituary":2,"minecraft:shield":2,"iceandfire:manuscript":4,"minecraft:string":2,"biomesoplenty:yellow_autumn_sapling":6,"minecraft:pufferfish":1,"usefulbackpacks:backpack_small":1,"aquaculture:bluegill":1,"minecraft:gold_nugget":456,"minecraft:beef":7,"minecraft:calcite":9,"minecraft:melon_slice":52,"minecraft:egg":3,"minecraft:iron_boots":1,"minecraft:dark_oak_sapling":15,"minecraft:stick":37,"iceandfire:dragonbone":1,"minecraft:porkchop":20,"minecraft:cherry_log":20,"minecraft:carrot":12,"minecraft:rotten_flesh":21,"minecraft:arrow":3,"minecraft:beetroot_seeds":3,"biomesoplenty:mahogany_sapling":10,"minecraft:hay_block":24,"aquaculture:carp":1,"minecraft:mangrove_roots":1,"minecraft:mutton":10,"minecraft:cod":5,"minecraft:white_wool":6,"minecraft:birch_log":6,"minecraft:feather":7,"minecraft:lilac":2,"minecraft:salmon":1,"minecraft:brown_wool":1,"minecraft:leather":5,"minecraft:jungle_wood":1,"duneons:glaivespooky":1,"minecraft:potato":5,"minecraft:oak_log":15,"duneons:scattermines":1,"minecraft:dirt":27,"iceandfire:dragonscales_bronze":9,"minecraft:bone":9,"minecraft:apple":2,"minecraft:wheat_seeds":24,"duneons:tempestknifeblue":1,"duneons:mountaineeraxeiron":1,"duneons:full_plate_spooky_helmet":2,"duneons:keydiamond":1,"minecraft:sweet_berries":31,"minecraft:dandelion":2,"duneons:full_plate_spooky_chestplate":2,"minecraft:spruce_sapling":7,"minecraft:ink_sac":1,"minecraft:white_bed":4,"minecraft:spruce_log":17,"minecraft:dark_oak_log":20,"aquaculture:message_in_a_bottle":1,"biomesoplenty:mahogany_log":37,"minecraft:crossbow":2,"minecraft:cherry_sapling":14,"minecraft:gray_wool":1,"minecraft:bread":2,"alexsmobs:banana_slug_slime":4,"minecraft:oak_sapling":9,"duneons:cobwebdig":1},"minecraft:killed_by":{"minecraft:player":2},"minecraft:custom":{"minecraft:mob_kills":73,"minecraft:interact_with_crafting_table":6,"minecraft:open_barrel":8,"minecraft:bell_ring":20,"minecraft:leave_game":13,"minecraft:time_since_death":12070,"minecraft:climb_one_cm":3113,"minecraft:sprint_one_cm":268824,"minecraft:walk_one_cm":522850,"minecraft:damage_blocked_by_shield":50,"minecraft:drop":164,"minecraft:play_time":143422,"minecraft:sneak_time":2111,"minecraft:deaths":6,"minecraft:walk_under_water_one_cm":31512,"minecraft:jump":2616,"minecraft:walk_on_water_one_cm":30896,"minecraft:total_world_time":143422,"minecraft:sleep_in_bed":5,"minecraft:time_since_rest":7981,"minecraft:damage_taken":4012,"minecraft:damage_dealt":20885,"minecraft:swim_one_cm":55972,"minecraft:fly_one_cm":256725,"minecraft:open_chest":20,"minecraft:crouch_one_cm":3339,"minecraft:fish_caught":7,"minecraft:fall_one_cm":74293},"minecraft:crafted":{"minecraft:oak_planks":60,"minecraft:dark_oak_planks":80,"minecraft:wheat":216,"minecraft:spruce_planks":64,"minecraft:bread":72,"minecraft:gold_ingot":52},"minecraft:used":{"minecraft:chest":1,"minecraft:shield":9,"minecraft:rotten_flesh":1,"minecraft:iron_chestplate":1,"duneons:tempestknifeblue":78,"minecraft:dirt":19,"minecraft:carrot":5,"duneons:mountaineeraxeiron":16,"duneons:glaivespooky":221,"minecraft:iron_boots":1,"minecraft:sweet_berries":35,"minecraft:calcite":9,"minecraft:water_bucket":1,"minecraft:leather_leggings":1,"minecraft:oak_planks":8,"minecraft:crafting_table":1,"minecraft:white_bed":4,"minecraft:apple":7,"minecraft:melon_slice":6,"minecraft:bread":39,"minecraft:pufferfish":1,"minecraft:fishing_rod":13,"minecraft:bucket":2}},"DataVersion":3465}