{"stats":{"minecraft:picked_up":{"duneons:keydiamond":1,"minecraft:stick":6,"minecraft:feather":5,"minecraft:chicken":6,"minecraft:brown_wool":1,"minecraft:leather":2,"minecraft:potato":5,"minecraft:porkchop":8,"minecraft:oak_log":15,"minecraft:white_bed":1,"minecraft:carrot":12,"minecraft:dirt":3,"minecraft:beetroot_seeds":3,"minecraft:wheat_seeds":14,"minecraft:hay_block":14,"minecraft:beef":5,"minecraft:gray_wool":1,"minecraft:bread":2,"minecraft:oak_sapling":8,"duneons:full_plate_spooky_helmet":1,"duneons:cobwebdig":1,"minecraft:mutton":6,"minecraft:white_wool":3,"minecraft:egg":3},"minecraft:mined":{"minecraft:hay_block":14,"minecraft:white_bed":1,"minecraft:carrots":12,"minecraft:wheat":6,"treechop:chopped_log":3,"gravestone:gravestone":1,"minecraft:grass":56,"minecraft:potatoes":5,"minecraft:grass_block":1,"minecraft:beetroots":3,"minecraft:dirt_path":1,"duneons:cobwebdig":1,"minecraft:dirt":1,"minecraft:tall_grass":3},"minecraft:dropped":{"duneons:keydiamond":1,"gravestone:obituary":1,"minecraft:stick":1},"minecraft:used":{"minecraft:bread":3,"minecraft:dirt":3},"minecraft:killed":{"minecraft:sheep":4,"minecraft:pig":4,"minecraft:chicken":6,"minecraft:cow":3},"minecraft:custom":{"minecraft:time_since_rest":2849,"minecraft:sprint_one_cm":50652,"minecraft:damage_taken":315,"minecraft:walk_one_cm":91726,"minecraft:mob_kills":18,"minecraft:drop":3,"minecraft:damage_dealt":1280,"minecraft:fly_one_cm":67853,"minecraft:open_chest":1,"minecraft:crouch_one_cm":191,"minecraft:play_time":21624,"minecraft:bell_ring":15,"minecraft:deaths":1,"minecraft:sneak_time":29,"minecraft:jump":434,"minecraft:leave_game":4,"minecraft:walk_on_water_one_cm":391,"minecraft:time_since_death":12368,"minecraft:sleep_in_bed":1,"minecraft:total_world_time":21624,"minecraft:climb_one_cm":672,"minecraft:fall_one_cm":11338}},"DataVersion":3465}