{"stats":{"minecraft:broken":{"minecraft:leather_leggings":1},"minecraft:picked_up":{"minecraft:birch_log":6,"minecraft:crafting_table":1,"minecraft:feather":7,"minecraft:lilac":2,"minecraft:chicken":7,"minecraft:brown_wool":1,"minecraft:leather":5,"minecraft:wooden_pickaxe":1,"duneons:glaivespooky":1,"minecraft:potato":5,"minecraft:oak_log":15,"gravestone:obituary":1,"minecraft:shield":2,"duneons:scattermines":1,"iceandfire:manuscript":4,"minecraft:dirt":25,"minecraft:string":2,"biomesoplenty:yellow_autumn_sapling":6,"minecraft:bone":6,"minecraft:apple":2,"minecraft:wheat_seeds":17,"usefulbackpacks:backpack_small":1,"aquaculture:bluegill":1,"duneons:tempestknifeblue":1,"minecraft:beef":7,"duneons:mountaineeraxeiron":1,"minecraft:calcite":9,"duneons:full_plate_spooky_helmet":1,"minecraft:egg":3,"duneons:keydiamond":1,"minecraft:dark_oak_sapling":15,"minecraft:stick":35,"minecraft:sweet_berries":31,"minecraft:dandelion":2,"minecraft:porkchop":14,"minecraft:cherry_log":20,"duneons:full_plate_spooky_chestplate":1,"minecraft:ink_sac":1,"minecraft:spruce_sapling":7,"minecraft:white_bed":1,"minecraft:spruce_log":17,"minecraft:carrot":12,"minecraft:dark_oak_log":20,"biomesoplenty:mahogany_log":16,"minecraft:rotten_flesh":5,"minecraft:beetroot_seeds":3,"biomesoplenty:mahogany_sapling":4,"minecraft:hay_block":24,"minecraft:crossbow":2,"minecraft:cherry_sapling":14,"aquaculture:carp":1,"minecraft:gray_wool":1,"minecraft:mangrove_roots":1,"minecraft:bread":2,"alexsmobs:banana_slug_slime":4,"minecraft:oak_sapling":9,"duneons:cobwebdig":1,"minecraft:mutton":10,"minecraft:white_wool":6},"minecraft:mined":{"minecraft:white_bed":1,"minecraft:mangrove_roots":1,"minecraft:dandelion":2,"minecraft:crafting_table":1,"gravestone:gravestone":1,"minecraft:grass_block":14,"minecraft:calcite":9,"minecraft:tall_grass":3,"minecraft:spruce_leaves":29,"minecraft:spawner":1,"minecraft:hay_block":24,"minecraft:carrots":12,"minecraft:spruce_log":1,"minecraft:wheat":6,"minecraft:sweet_berry_bush":12,"minecraft:lilac":2,"treechop:chopped_log":9,"minecraft:grass":64,"minecraft:potatoes":5,"minecraft:beetroots":3,"minecraft:dirt_path":1,"duneons:cobwebdig":1,"minecraft:dirt":10},"minecraft:crafted":{"minecraft:oak_planks":60,"minecraft:spruce_planks":64,"minecraft:bread":72,"minecraft:dark_oak_planks":80,"minecraft:wheat":216},"minecraft:dropped":{"aquaculture:carp":1,"minecraft:iron_ingot":1,"minecraft:sweet_berries":3,"minecraft:wheat_seeds":15,"minecraft:mangrove_roots":1,"alexsmobs:banana_slug_slime":4,"minecraft:lilac":2,"duneons:burstgale":1,"duneons:keydiamond":1,"minecraft:lead":2,"minecraft:rotten_flesh":3,"duneons:claymoreblade":1,"duneons:corruptedbeaconaold":1,"minecraft:leather":2,"duneons:cobwebdig":1,"duneons:beenestitem":1,"minecraft:coal":21,"minecraft:carrot":11,"minecraft:leather_helmet":1,"minecraft:emerald":3,"minecraft:stick":30,"minecraft:poppy":1,"minecraft:potato":5,"minecraft:leather_chestplate":2,"minecraft:gray_wool":1,"minecraft:shield":1,"mca:book_romance":1,"minecraft:ink_sac":1,"duneons:scattermines":1,"aquaculture:bluegill":1,"minecraft:beetroot_seeds":3,"minecraft:brown_wool":1,"gravestone:obituary":1,"duneons:sabrewing_bow":2,"minecraft:wooden_pickaxe":1,"minecraft:string":1,"minecraft:white_wool":3,"iceandfire:manuscript":4,"minecraft:dandelion":2,"minecraft:gold_ingot":8},"minecraft:used":{"minecraft:calcite":9,"minecraft:oak_planks":8,"minecraft:shield":9,"duneons:tempestknifeblue":23,"minecraft:dirt":10,"minecraft:carrot":5,"minecraft:white_bed":1,"duneons:mountaineeraxeiron":16,"duneons:glaivespooky":217,"minecraft:apple":7,"minecraft:bread":21,"minecraft:sweet_berries":35},"minecraft:custom":{"minecraft:mob_kills":60,"minecraft:interact_with_crafting_table":4,"minecraft:bell_ring":20,"minecraft:leave_game":9,"minecraft:time_since_death":80971,"minecraft:sleep_in_bed":3,"minecraft:climb_one_cm":1026,"minecraft:time_since_rest":50798,"minecraft:sprint_one_cm":204454,"minecraft:damage_taken":1797,"minecraft:walk_one_cm":371023,"minecraft:damage_blocked_by_shield":50,"minecraft:drop":112,"minecraft:damage_dealt":18068,"minecraft:swim_one_cm":3120,"minecraft:fly_one_cm":229031,"minecraft:open_chest":3,"minecraft:crouch_one_cm":1212,"minecraft:play_time":90227,"minecraft:sneak_time":1555,"minecraft:deaths":1,"minecraft:walk_under_water_one_cm":16945,"minecraft:jump":1843,"minecraft:walk_on_water_one_cm":11550,"minecraft:total_world_time":90227,"minecraft:fall_one_cm":48005},"minecraft:killed":{"mca:female_zombie_villager":1,"minecraft:wolf":1,"minecraft:pig":7,"minecraft:spider":1,"minecraft:squid":1,"minecraft:creeper":1,"duneons:mountaineer":13,"minecraft:sheep":8,"alexsmobs:gelada_monkey":1,"minecraft:goat":1,"minecraft:zombie":1,"alexsmobs:banana_slug":1,"minecraft:chicken":7,"duneons:squallgolem":10,"minecraft:cow":5}},"DataVersion":3465}