{"stats":{"minecraft:broken":{"minecraft:leather_leggings":1},"minecraft:picked_up":{"minecraft:birch_log":6,"minecraft:crafting_table":1,"minecraft:feather":7,"minecraft:chicken":7,"minecraft:brown_wool":1,"minecraft:leather":5,"minecraft:wooden_pickaxe":1,"duneons:glaivespooky":1,"minecraft:potato":5,"minecraft:oak_log":15,"minecraft:shield":2,"duneons:scattermines":1,"iceandfire:manuscript":4,"minecraft:dirt":16,"minecraft:string":1,"biomesoplenty:yellow_autumn_sapling":6,"minecraft:bone":6,"minecraft:apple":2,"minecraft:wheat_seeds":15,"aquaculture:bluegill":1,"duneons:tempestknifeblue":1,"minecraft:beef":7,"duneons:mountaineeraxeiron":1,"minecraft:calcite":9,"duneons:full_plate_spooky_helmet":1,"minecraft:egg":3,"duneons:keydiamond":1,"minecraft:dark_oak_sapling":15,"minecraft:stick":30,"minecraft:sweet_berries":31,"minecraft:dandelion":2,"minecraft:porkchop":14,"minecraft:cherry_log":20,"duneons:full_plate_spooky_chestplate":1,"minecraft:ink_sac":1,"minecraft:spruce_sapling":7,"minecraft:white_bed":1,"minecraft:spruce_log":16,"minecraft:carrot":12,"minecraft:dark_oak_log":20,"minecraft:rotten_flesh":3,"minecraft:beetroot_seeds":3,"minecraft:hay_block":24,"minecraft:crossbow":2,"minecraft:cherry_sapling":14,"aquaculture:carp":1,"minecraft:gray_wool":1,"minecraft:mangrove_roots":1,"minecraft:bread":2,"alexsmobs:banana_slug_slime":4,"minecraft:oak_sapling":8,"duneons:cobwebdig":1,"minecraft:mutton":6,"minecraft:white_wool":3},"minecraft:mined":{"minecraft:white_bed":1,"minecraft:mangrove_roots":1,"minecraft:dandelion":2,"minecraft:crafting_table":1,"gravestone:gravestone":1,"minecraft:grass_block":7,"minecraft:calcite":9,"minecraft:tall_grass":3,"minecraft:spruce_leaves":1,"minecraft:spawner":1,"minecraft:hay_block":24,"minecraft:carrots":12,"minecraft:wheat":6,"minecraft:sweet_berry_bush":12,"treechop:chopped_log":8,"minecraft:grass":60,"minecraft:potatoes":5,"minecraft:beetroots":3,"minecraft:dirt_path":1,"duneons:cobwebdig":1,"minecraft:dirt":8},"minecraft:crafted":{"minecraft:oak_planks":60,"minecraft:spruce_planks":64,"minecraft:bread":72,"minecraft:dark_oak_planks":80,"minecraft:wheat":216},"minecraft:dropped":{"aquaculture:carp":1,"minecraft:sweet_berries":3,"minecraft:wheat_seeds":15,"minecraft:mangrove_roots":1,"alexsmobs:banana_slug_slime":4,"duneons:keydiamond":1,"minecraft:rotten_flesh":3,"minecraft:leather":2,"duneons:cobwebdig":1,"minecraft:leather_helmet":1,"minecraft:stick":21,"minecraft:poppy":1,"minecraft:leather_chestplate":2,"minecraft:gray_wool":1,"minecraft:shield":1,"mca:book_romance":1,"minecraft:ink_sac":1,"aquaculture:bluegill":1,"minecraft:beetroot_seeds":3,"minecraft:brown_wool":1,"gravestone:obituary":1,"minecraft:wooden_pickaxe":1,"minecraft:string":1,"minecraft:white_wool":3,"iceandfire:manuscript":4},"minecraft:used":{"minecraft:calcite":9,"minecraft:oak_planks":8,"duneons:tempestknifeblue":2,"minecraft:dirt":10,"minecraft:carrot":5,"minecraft:white_bed":1,"duneons:mountaineeraxeiron":16,"duneons:glaivespooky":197,"minecraft:apple":4,"minecraft:bread":16,"minecraft:sweet_berries":34},"minecraft:custom":{"minecraft:mob_kills":54,"minecraft:interact_with_crafting_table":4,"minecraft:bell_ring":20,"minecraft:leave_game":9,"minecraft:time_since_death":68971,"minecraft:sleep_in_bed":3,"minecraft:climb_one_cm":672,"minecraft:time_since_rest":38798,"minecraft:sprint_one_cm":193264,"minecraft:damage_taken":1216,"minecraft:walk_one_cm":326996,"minecraft:drop":50,"minecraft:damage_dealt":16477,"minecraft:swim_one_cm":3120,"minecraft:fly_one_cm":219924,"minecraft:open_chest":3,"minecraft:crouch_one_cm":1212,"minecraft:play_time":78227,"minecraft:sneak_time":1555,"minecraft:deaths":1,"minecraft:walk_under_water_one_cm":16945,"minecraft:jump":1518,"minecraft:walk_on_water_one_cm":11550,"minecraft:total_world_time":78227,"minecraft:fall_one_cm":37106},"minecraft:killed":{"mca:female_zombie_villager":1,"minecraft:wolf":1,"minecraft:pig":7,"minecraft:squid":1,"minecraft:creeper":1,"duneons:mountaineer":13,"minecraft:sheep":4,"alexsmobs:gelada_monkey":1,"minecraft:goat":1,"alexsmobs:banana_slug":1,"minecraft:chicken":7,"duneons:squallgolem":10,"minecraft:cow":5}},"DataVersion":3465}