{"stats":{"minecraft:broken":{"minecraft:leather_leggings":1},"minecraft:picked_up":{"minecraft:feather":7,"minecraft:chicken":7,"minecraft:brown_wool":1,"minecraft:leather":2,"minecraft:wooden_pickaxe":1,"duneons:glaivespooky":1,"minecraft:potato":5,"minecraft:oak_log":15,"minecraft:shield":2,"iceandfire:manuscript":4,"minecraft:dirt":3,"minecraft:bone":6,"minecraft:apple":2,"minecraft:wheat_seeds":15,"aquaculture:bluegill":1,"duneons:tempestknifeblue":1,"minecraft:beef":5,"duneons:mountaineeraxeiron":1,"minecraft:calcite":9,"duneons:full_plate_spooky_helmet":1,"minecraft:egg":3,"duneons:keydiamond":1,"minecraft:dark_oak_sapling":15,"minecraft:stick":21,"minecraft:porkchop":14,"duneons:full_plate_spooky_chestplate":1,"minecraft:spruce_sapling":7,"minecraft:carrot":12,"minecraft:white_bed":1,"minecraft:spruce_log":16,"minecraft:dark_oak_log":20,"minecraft:rotten_flesh":3,"minecraft:beetroot_seeds":3,"minecraft:hay_block":14,"minecraft:crossbow":2,"aquaculture:carp":1,"minecraft:gray_wool":1,"minecraft:bread":2,"minecraft:oak_sapling":8,"duneons:cobwebdig":1,"minecraft:mutton":6,"minecraft:white_wool":3},"minecraft:mined":{"minecraft:white_bed":1,"gravestone:gravestone":1,"minecraft:grass_block":1,"minecraft:calcite":9,"minecraft:tall_grass":3,"minecraft:spawner":1,"minecraft:hay_block":14,"minecraft:carrots":12,"minecraft:wheat":6,"treechop:chopped_log":6,"minecraft:grass":58,"minecraft:potatoes":5,"minecraft:beetroots":3,"minecraft:dirt_path":1,"duneons:cobwebdig":1,"minecraft:dirt":1},"minecraft:crafted":{"minecraft:oak_planks":60,"minecraft:spruce_planks":64,"minecraft:bread":42,"minecraft:dark_oak_planks":80,"minecraft:wheat":126},"minecraft:dropped":{"minecraft:wheat_seeds":15,"duneons:keydiamond":1,"duneons:cobwebdig":1,"minecraft:leather_helmet":1,"minecraft:stick":21,"minecraft:leather_chestplate":2,"mca:book_romance":1,"minecraft:beetroot_seeds":3,"gravestone:obituary":1,"minecraft:wooden_pickaxe":1,"iceandfire:manuscript":4},"minecraft:used":{"minecraft:calcite":9,"minecraft:oak_planks":1,"duneons:tempestknifeblue":2,"minecraft:dirt":3,"minecraft:carrot":5,"minecraft:white_bed":1,"duneons:mountaineeraxeiron":10,"duneons:glaivespooky":184,"minecraft:apple":2,"minecraft:bread":14},"minecraft:custom":{"minecraft:mob_kills":48,"minecraft:interact_with_crafting_table":3,"minecraft:bell_ring":17,"minecraft:leave_game":8,"minecraft:time_since_death":49898,"minecraft:sleep_in_bed":3,"minecraft:climb_one_cm":672,"minecraft:time_since_rest":19725,"minecraft:sprint_one_cm":148950,"minecraft:damage_taken":975,"minecraft:walk_one_cm":245933,"minecraft:drop":30,"minecraft:damage_dealt":16047,"minecraft:swim_one_cm":3120,"minecraft:fly_one_cm":172695,"minecraft:open_chest":3,"minecraft:crouch_one_cm":1083,"minecraft:play_time":59154,"minecraft:sneak_time":1498,"minecraft:deaths":1,"minecraft:walk_under_water_one_cm":15659,"minecraft:jump":1058,"minecraft:walk_on_water_one_cm":10010,"minecraft:total_world_time":59154,"minecraft:fall_one_cm":24850},"minecraft:killed":{"mca:female_zombie_villager":1,"minecraft:wolf":1,"minecraft:pig":7,"minecraft:creeper":1,"duneons:mountaineer":13,"minecraft:sheep":4,"duneons:squallgolem":10,"minecraft:chicken":7,"minecraft:cow":3}},"DataVersion":3465}