{"stats":{"minecraft:picked_up":{"duneons:keydiamond":1,"minecraft:stick":4,"minecraft:wheat_seeds":4,"minecraft:porkchop":8,"minecraft:gray_wool":1,"minecraft:oak_log":15,"minecraft:oak_sapling":8,"minecraft:mutton":2,"minecraft:white_wool":1,"minecraft:dirt":2},"minecraft:mined":{"gravestone:gravestone":1,"minecraft:grass":8,"minecraft:dirt_path":1,"minecraft:dirt":1,"minecraft:tall_grass":3,"treechop:chopped_log":3},"minecraft:dropped":{"duneons:keydiamond":1,"minecraft:stick":1},"minecraft:killed":{"minecraft:sheep":2,"minecraft:pig":4},"minecraft:custom":{"minecraft:time_since_rest":2378,"minecraft:crouch_one_cm":191,"minecraft:play_time":11633,"minecraft:sprint_one_cm":22806,"minecraft:damage_taken":245,"minecraft:deaths":1,"minecraft:walk_one_cm":39670,"minecraft:sneak_time":29,"minecraft:mob_kills":6,"minecraft:drop":2,"minecraft:jump":190,"minecraft:damage_dealt":560,"minecraft:leave_game":3,"minecraft:time_since_death":2377,"minecraft:total_world_time":11633,"minecraft:fall_one_cm":5446,"minecraft:fly_one_cm":26984}},"DataVersion":3465}