{"stats":{"minecraft:broken":{"minecraft:leather_leggings":1},"minecraft:picked_up":{"minecraft:feather":7,"minecraft:chicken":7,"minecraft:brown_wool":1,"minecraft:leather":4,"minecraft:wooden_pickaxe":1,"duneons:glaivespooky":1,"minecraft:potato":5,"minecraft:oak_log":15,"minecraft:shield":2,"duneons:scattermines":1,"iceandfire:manuscript":4,"minecraft:string":1,"minecraft:dirt":3,"minecraft:bone":6,"minecraft:apple":2,"minecraft:wheat_seeds":15,"aquaculture:bluegill":1,"duneons:tempestknifeblue":1,"minecraft:beef":6,"duneons:mountaineeraxeiron":1,"minecraft:calcite":9,"duneons:full_plate_spooky_helmet":1,"minecraft:egg":3,"duneons:keydiamond":1,"minecraft:dark_oak_sapling":15,"minecraft:stick":21,"minecraft:sweet_berries":31,"minecraft:dandelion":2,"minecraft:porkchop":14,"duneons:full_plate_spooky_chestplate":1,"minecraft:spruce_sapling":7,"minecraft:carrot":12,"minecraft:white_bed":1,"minecraft:spruce_log":16,"minecraft:dark_oak_log":20,"minecraft:rotten_flesh":3,"minecraft:beetroot_seeds":3,"minecraft:hay_block":24,"minecraft:crossbow":2,"aquaculture:carp":1,"minecraft:gray_wool":1,"minecraft:bread":2,"alexsmobs:banana_slug_slime":2,"minecraft:oak_sapling":8,"duneons:cobwebdig":1,"minecraft:mutton":6,"minecraft:white_wool":3},"minecraft:mined":{"minecraft:white_bed":1,"minecraft:dandelion":2,"gravestone:gravestone":1,"minecraft:grass_block":1,"minecraft:calcite":9,"minecraft:tall_grass":3,"minecraft:spruce_leaves":1,"minecraft:spawner":1,"minecraft:hay_block":24,"minecraft:carrots":12,"minecraft:wheat":6,"minecraft:sweet_berry_bush":12,"treechop:chopped_log":6,"minecraft:grass":59,"minecraft:potatoes":5,"minecraft:beetroots":3,"minecraft:dirt_path":1,"duneons:cobwebdig":1,"minecraft:dirt":1},"minecraft:crafted":{"minecraft:oak_planks":60,"minecraft:spruce_planks":64,"minecraft:bread":42,"minecraft:dark_oak_planks":80,"minecraft:wheat":126},"minecraft:dropped":{"aquaculture:carp":1,"minecraft:sweet_berries":3,"minecraft:wheat_seeds":15,"duneons:keydiamond":1,"minecraft:rotten_flesh":3,"minecraft:leather":2,"duneons:cobwebdig":1,"minecraft:leather_helmet":1,"minecraft:stick":21,"minecraft:poppy":1,"minecraft:leather_chestplate":2,"minecraft:gray_wool":1,"mca:book_romance":1,"aquaculture:bluegill":1,"minecraft:beetroot_seeds":3,"minecraft:brown_wool":1,"gravestone:obituary":1,"minecraft:wooden_pickaxe":1,"minecraft:string":1,"minecraft:white_wool":3,"iceandfire:manuscript":4},"minecraft:used":{"minecraft:calcite":9,"minecraft:oak_planks":8,"duneons:tempestknifeblue":2,"minecraft:dirt":3,"minecraft:carrot":5,"minecraft:white_bed":1,"duneons:mountaineeraxeiron":16,"duneons:glaivespooky":188,"minecraft:apple":2,"minecraft:bread":16,"minecraft:sweet_berries":12},"minecraft:custom":{"minecraft:mob_kills":51,"minecraft:interact_with_crafting_table":3,"minecraft:bell_ring":20,"minecraft:leave_game":9,"minecraft:time_since_death":58003,"minecraft:sleep_in_bed":3,"minecraft:climb_one_cm":672,"minecraft:time_since_rest":27830,"minecraft:sprint_one_cm":170108,"minecraft:damage_taken":1116,"minecraft:walk_one_cm":283751,"minecraft:drop":44,"minecraft:damage_dealt":16197,"minecraft:swim_one_cm":3120,"minecraft:fly_one_cm":190243,"minecraft:open_chest":3,"minecraft:crouch_one_cm":1083,"minecraft:play_time":67259,"minecraft:sneak_time":1498,"minecraft:deaths":1,"minecraft:walk_under_water_one_cm":15659,"minecraft:jump":1177,"minecraft:walk_on_water_one_cm":10010,"minecraft:total_world_time":67259,"minecraft:fall_one_cm":29680},"minecraft:killed":{"mca:female_zombie_villager":1,"minecraft:wolf":1,"minecraft:pig":7,"minecraft:creeper":1,"duneons:mountaineer":13,"minecraft:sheep":4,"alexsmobs:gelada_monkey":1,"alexsmobs:banana_slug":1,"duneons:squallgolem":10,"minecraft:chicken":7,"minecraft:cow":4}},"DataVersion":3465}