{"stats":{"minecraft:broken":{"minecraft:stone_pickaxe":1,"minecraft:stone_axe":1},"minecraft:killed_by":{"minecraft:blaze":1,"iceandfire:fire_dragon":1},"minecraft:picked_up":{"duneons:soggyswamobricks":12,"duneons:beenestitem":2,"minecraft:crafting_table":7,"minecraft:allium":1,"duneons:cauidron":1,"duneons:swamplog":1,"minecraft:lead":4,"duneons:gildedglory_chestplate":1,"minecraft:oak_stairs":2,"gravestone:obituary":2,"duneons:sabrewing_bow":4,"minecraft:shield":1,"iceandfire:manuscript":4,"minecraft:string":4,"alexsmobs:ancient_dart":1,"biomesoplenty:yellow_autumn_sapling":1,"duneons:rapierred":1,"minecraft:spruce_planks":29,"minecraft:beef":3,"minecraft:rose_bush":2,"minecraft:calcite":72,"iceandfire:pixie_dust":1,"minecraft:tipped_arrow":9,"minecraft:dark_oak_sapling":1,"minecraft:stick":21,"iceandfire:dragonbone":7,"iceandfire:ghost_chest":1,"minecraft:copper_ingot":2,"duneons:corruptedbeaconaold":2,"minecraft:torch":2,"minecraft:carrot":21,"alexsmobs:crocodile_scute":2,"duneons:moondagger":1,"minecraft:rotten_flesh":6,"iceandfire:fire_dragon_heart":1,"minecraft:mangrove_roots":1,"minecraft:gold_ingot":17,"minecraft:mutton":9,"minecraft:skeleton_skull":1,"minecraft:white_wool":9,"minecraft:cobblestone":13,"minecraft:birch_log":3,"minecraft:leather_chestplate":1,"minecraft:andesite":1,"minecraft:brown_wool":2,"minecraft:leather":15,"minecraft:potato":8,"duneons:burstgale":1,"duneons:swampdirt":4,"minecraft:flint":1,"minecraft:oak_log":4,"iceandfire:ectoplasm":9,"minecraft:gunpowder":2,"duneons:scattermines":1,"minecraft:dirt":4,"iceandfire:dragonscales_bronze":5,"duneons:thepinkscoundrel":1,"minecraft:bone":12,"minecraft:wheat_seeds":19,"minecraft:iron_ingot":1,"duneons:tempestknifeblue":1,"duneons:claymoreblade":2,"duneons:fancyfence_corner":1,"duneons:mountaineeraxeiron":1,"iceandfire:fire_dragon_flesh":2,"minecraft:oak_planks":1,"duneons:keydiamond":1,"minecraft:pumpkin":15,"minecraft:gravel":9,"iceandfire:dragon_skull_fire":1,"iceandfire:stymphalian_bird_feather":6,"minecraft:spruce_sapling":1,"minecraft:white_bed":3,"minecraft:spruce_log":9,"minecraft:spider_eye":1,"duneons:wood_stronghold":7,"minecraft:dispenser":1,"waystones:waystone":2,"minecraft:cherry_sapling":2,"minecraft:gray_wool":2,"minecraft:emerald":3,"alexsmobs:banana_slug_slime":2,"minecraft:oak_sapling":2,"duneons:cobwebdig":3,"minecraft:coal":49},"minecraft:mined":{"duneons:swampdirt":2,"minecraft:spruce_planks":11,"minecraft:white_bed":3,"minecraft:dark_oak_leaves":11,"gravestone:gravestone":5,"biomesoplenty:bush":1,"minecraft:allium":1,"minecraft:grass_block":3,"duneons:fancyfence":1,"minecraft:spruce_leaves":4,"minecraft:spawner":2,"minecraft:carrots":9,"minecraft:andesite":1,"minecraft:pumpkin":15,"treechop:chopped_log":3,"duneons:swamplog":1,"minecraft:potatoes":3,"duneons:cobwebdig":3,"minecraft:oak_stairs":2,"minecraft:stone":13,"duneons:soggyswamobricks":12,"duneons:swampgrassside":2,"minecraft:crafting_table":6,"minecraft:calcite":74,"iceandfire:ghost_chest":1,"minecraft:rose_bush":4,"minecraft:tall_grass":5,"minecraft:oak_planks":1,"minecraft:wall_torch":1,"minecraft:ice":4,"minecraft:wheat":14,"duneons:wood_stronghold":7,"minecraft:spruce_log":1,"minecraft:grass":10,"duneons:cauidron":1,"minecraft:gravel":12,"minecraft:cobweb":2,"minecraft:dispenser":1,"minecraft:oak_leaves":3},"minecraft:crafted":{"minecraft:oak_planks":16,"usefulbackpacks:backpack_small":3,"minecraft:iron_axe":1,"minecraft:stone_pickaxe":1,"minecraft:magenta_dye":1,"minecraft:crafting_table":3,"minecraft:spruce_planks":32,"minecraft:wooden_pickaxe":1,"minecraft:stone_axe":1,"minecraft:stick":12,"iceandfire:armor_bronze_helmet":1},"minecraft:dropped":{"minecraft:bread":2,"minecraft:wheat_seeds":15,"alexsmobs:banana_slug_slime":2,"duneons:burstgale":1,"minecraft:crafting_table":1,"duneons:claymoreblade":1,"minecraft:cobblestone":3,"iceandfire:ectoplasm":9,"minecraft:dirt":2,"duneons:glaivespooky":2,"minecraft:gray_wool":1,"duneons:cauidron":1,"minecraft:brown_wool":1,"minecraft:snowball":12,"usefulbackpacks:backpack_small":1,"gravestone:obituary":7,"duneons:mountaineeraxeiron":1,"duneons:sabrewing_bow":2,"minecraft:birch_log":3,"duneons:moondagger":1,"minecraft:bone":6,"minecraft:gravel":9,"minecraft:mangrove_roots":1,"biomesoplenty:yellow_autumn_sapling":1,"duneons:keydiamond":1,"minecraft:rotten_flesh":4,"minecraft:carrot":1,"duneons:full_plate_spooky_chestplate":2,"minecraft:leather_chestplate":1,"iceandfire:ghost_chest":1,"minecraft:gunpowder":1,"minecraft:spruce_planks":18,"duneons:scattermines":2,"duneons:full_plate_spooky_helmet":1,"duneons:tempestknifeblue":1,"iceandfire:pixie_dust":1,"minecraft:raw_gold":8,"minecraft:wooden_pickaxe":1,"minecraft:calcite":8,"iceandfire:manuscript":4},"minecraft:used":{"minecraft:spruce_planks":12,"minecraft:shield":26,"duneons:swampdirt":4,"minecraft:torch":2,"minecraft:dirt":2,"minecraft:mutton":6,"minecraft:carrot":30,"duneons:wood_stronghold":3,"duneons:mountaineeraxeiron":4,"duneons:glaivespooky":131,"minecraft:iron_axe":19,"minecraft:beef":3,"duneons:soggyswamobricks":6,"minecraft:calcite":46,"duneons:cobwebdig":3,"iceandfire:armor_bronze_helmet":1,"minecraft:stone_pickaxe":109,"minecraft:oak_planks":13,"minecraft:wooden_pickaxe":12,"duneons:claymoreblade":2,"minecraft:crafting_table":8,"minecraft:white_bed":2,"minecraft:bread":12,"minecraft:stone_axe":96,"minecraft:cobblestone":1,"duneons:rapierred":134,"minecraft:andesite":1,"minecraft:ice":4,"minecraft:cobweb":2},"minecraft:killed":{"minecraft:spider":2,"iceandfire:stymphalian_bird":1,"minecraft:skeleton":2,"minecraft:horse":7,"alexsmobs:banana_slug":1,"iceandfire:fire_dragon":1,"duneons:squallgolem":4,"minecraft:drowned":1,"duneons:cauldron":1,"alexsmobs:grizzly_bear":1,"minecraft:creeper":2,"duneons:mountaineer":21,"minecraft:sheep":6,"minecraft:trader_llama":2,"duneons:tempestgolem":1,"alexsmobs:crocodile":1,"minecraft:zombie":9,"iceandfire:pixie":1,"minecraft:cow":1},"minecraft:custom":{"minecraft:mob_kills":65,"minecraft:interact_with_crafting_table":12,"minecraft:leave_game":9,"minecraft:time_since_death":1954,"minecraft:climb_one_cm":2160,"minecraft:sprint_one_cm":308468,"minecraft:walk_one_cm":304173,"minecraft:damage_blocked_by_shield":233,"minecraft:drop":68,"minecraft:play_time":106711,"minecraft:deaths":5,"minecraft:sneak_time":1863,"minecraft:walk_under_water_one_cm":20228,"minecraft:jump":2213,"minecraft:walk_on_water_one_cm":13060,"minecraft:total_world_time":106711,"minecraft:sleep_in_bed":3,"minecraft:time_since_rest":1976,"minecraft:damage_taken":2792,"minecraft:damage_dealt":25449,"minecraft:swim_one_cm":25958,"minecraft:fly_one_cm":604321,"minecraft:player_kills":1,"minecraft:open_chest":30,"minecraft:crouch_one_cm":3229,"minecraft:fall_one_cm":76168}},"DataVersion":3465}