{"stats":{"minecraft:broken":{"minecraft:stone_pickaxe":1,"minecraft:stone_axe":1},"minecraft:killed_by":{"minecraft:blaze":1},"minecraft:picked_up":{"duneons:soggyswamobricks":12,"duneons:beenestitem":2,"minecraft:crafting_table":6,"minecraft:allium":1,"duneons:cauidron":1,"duneons:swamplog":1,"minecraft:lead":4,"duneons:gildedglory_chestplate":1,"minecraft:oak_stairs":2,"duneons:sabrewing_bow":4,"minecraft:shield":1,"iceandfire:manuscript":4,"minecraft:string":2,"alexsmobs:ancient_dart":1,"biomesoplenty:yellow_autumn_sapling":1,"duneons:rapierred":1,"minecraft:spruce_planks":29,"minecraft:beef":3,"minecraft:calcite":72,"iceandfire:pixie_dust":1,"minecraft:tipped_arrow":9,"minecraft:dark_oak_sapling":1,"minecraft:stick":21,"iceandfire:ghost_chest":1,"minecraft:copper_ingot":1,"duneons:corruptedbeaconaold":2,"minecraft:torch":2,"minecraft:carrot":21,"alexsmobs:crocodile_scute":2,"duneons:moondagger":1,"minecraft:rotten_flesh":4,"minecraft:mangrove_roots":1,"minecraft:gold_ingot":17,"minecraft:mutton":9,"minecraft:skeleton_skull":1,"minecraft:white_wool":9,"minecraft:cobblestone":13,"minecraft:birch_log":3,"minecraft:leather_chestplate":1,"minecraft:andesite":1,"minecraft:brown_wool":2,"minecraft:leather":15,"minecraft:potato":8,"duneons:burstgale":1,"duneons:swampdirt":4,"minecraft:flint":1,"minecraft:oak_log":4,"iceandfire:ectoplasm":9,"minecraft:gunpowder":2,"duneons:scattermines":1,"minecraft:dirt":3,"duneons:thepinkscoundrel":1,"minecraft:bone":12,"minecraft:wheat_seeds":17,"minecraft:iron_ingot":1,"duneons:tempestknifeblue":1,"duneons:claymoreblade":2,"duneons:fancyfence_corner":1,"duneons:mountaineeraxeiron":1,"minecraft:oak_planks":1,"duneons:keydiamond":1,"minecraft:pumpkin":15,"minecraft:gravel":9,"iceandfire:stymphalian_bird_feather":6,"minecraft:spruce_sapling":1,"minecraft:white_bed":3,"minecraft:spruce_log":9,"duneons:wood_stronghold":7,"minecraft:dispenser":1,"waystones:waystone":2,"minecraft:cherry_sapling":2,"minecraft:gray_wool":2,"minecraft:emerald":3,"alexsmobs:banana_slug_slime":2,"minecraft:oak_sapling":2,"duneons:cobwebdig":3,"minecraft:coal":49},"minecraft:mined":{"duneons:swampdirt":2,"minecraft:spruce_planks":11,"minecraft:white_bed":3,"minecraft:dark_oak_leaves":11,"gravestone:gravestone":3,"biomesoplenty:bush":1,"minecraft:allium":1,"minecraft:grass_block":3,"duneons:fancyfence":1,"minecraft:spruce_leaves":4,"minecraft:spawner":2,"minecraft:carrots":9,"minecraft:andesite":1,"minecraft:pumpkin":15,"treechop:chopped_log":3,"duneons:swamplog":1,"minecraft:potatoes":3,"duneons:cobwebdig":3,"minecraft:oak_stairs":2,"minecraft:stone":13,"duneons:soggyswamobricks":12,"duneons:swampgrassside":2,"minecraft:crafting_table":5,"minecraft:calcite":74,"iceandfire:ghost_chest":1,"minecraft:tall_grass":5,"minecraft:oak_planks":1,"minecraft:wall_torch":1,"minecraft:wheat":14,"duneons:wood_stronghold":7,"minecraft:spruce_log":1,"minecraft:grass":9,"duneons:cauidron":1,"minecraft:gravel":12,"minecraft:dispenser":1,"minecraft:oak_leaves":3},"minecraft:crafted":{"minecraft:oak_planks":16,"usefulbackpacks:backpack_small":3,"minecraft:iron_axe":1,"minecraft:stone_pickaxe":1,"minecraft:magenta_dye":1,"minecraft:crafting_table":3,"minecraft:spruce_planks":32,"minecraft:wooden_pickaxe":1,"minecraft:stone_axe":1,"minecraft:stick":12},"minecraft:dropped":{"minecraft:bread":2,"minecraft:wheat_seeds":15,"alexsmobs:banana_slug_slime":2,"duneons:burstgale":1,"minecraft:crafting_table":1,"minecraft:cobblestone":3,"iceandfire:ectoplasm":9,"duneons:glaivespooky":2,"minecraft:gray_wool":1,"duneons:cauidron":1,"minecraft:brown_wool":1,"minecraft:snowball":12,"usefulbackpacks:backpack_small":1,"gravestone:obituary":3,"duneons:mountaineeraxeiron":1,"duneons:sabrewing_bow":2,"minecraft:birch_log":3,"duneons:moondagger":1,"minecraft:bone":6,"minecraft:gravel":9,"minecraft:mangrove_roots":1,"biomesoplenty:yellow_autumn_sapling":1,"duneons:keydiamond":1,"minecraft:carrot":1,"duneons:full_plate_spooky_chestplate":2,"minecraft:leather_chestplate":1,"iceandfire:ghost_chest":1,"minecraft:gunpowder":1,"minecraft:spruce_planks":18,"duneons:scattermines":2,"duneons:full_plate_spooky_helmet":1,"duneons:tempestknifeblue":1,"iceandfire:pixie_dust":1,"minecraft:raw_gold":8,"minecraft:wooden_pickaxe":1,"minecraft:calcite":8,"iceandfire:manuscript":4},"minecraft:used":{"minecraft:spruce_planks":12,"minecraft:shield":24,"duneons:swampdirt":4,"minecraft:torch":2,"minecraft:dirt":2,"minecraft:mutton":6,"minecraft:carrot":27,"duneons:wood_stronghold":3,"duneons:mountaineeraxeiron":4,"duneons:glaivespooky":131,"minecraft:iron_axe":10,"minecraft:beef":3,"duneons:soggyswamobricks":6,"minecraft:calcite":46,"duneons:cobwebdig":3,"minecraft:stone_pickaxe":109,"minecraft:oak_planks":13,"minecraft:wooden_pickaxe":12,"duneons:claymoreblade":2,"minecraft:crafting_table":6,"minecraft:white_bed":2,"minecraft:bread":10,"minecraft:stone_axe":96,"minecraft:cobblestone":1,"duneons:rapierred":109,"minecraft:andesite":1},"minecraft:killed":{"minecraft:spider":1,"iceandfire:stymphalian_bird":1,"minecraft:skeleton":1,"minecraft:horse":7,"alexsmobs:banana_slug":1,"duneons:squallgolem":4,"duneons:cauldron":1,"alexsmobs:grizzly_bear":1,"minecraft:creeper":2,"duneons:mountaineer":21,"minecraft:sheep":6,"minecraft:trader_llama":2,"duneons:tempestgolem":1,"alexsmobs:crocodile":1,"minecraft:zombie":8,"iceandfire:pixie":1,"minecraft:cow":1},"minecraft:custom":{"minecraft:mob_kills":60,"minecraft:interact_with_crafting_table":10,"minecraft:leave_game":9,"minecraft:time_since_death":3115,"minecraft:climb_one_cm":1942,"minecraft:sprint_one_cm":283744,"minecraft:walk_one_cm":277637,"minecraft:damage_blocked_by_shield":173,"minecraft:drop":60,"minecraft:play_time":94711,"minecraft:deaths":3,"minecraft:sneak_time":1734,"minecraft:walk_under_water_one_cm":7374,"minecraft:jump":2046,"minecraft:walk_on_water_one_cm":5108,"minecraft:total_world_time":94711,"minecraft:sleep_in_bed":3,"minecraft:time_since_rest":3144,"minecraft:damage_taken":2334,"minecraft:damage_dealt":24276,"minecraft:swim_one_cm":2027,"minecraft:fly_one_cm":582576,"minecraft:open_chest":10,"minecraft:crouch_one_cm":3221,"minecraft:fall_one_cm":68501}},"DataVersion":3465}