{"stats":{"minecraft:broken":{"minecraft:stone_axe":1},"minecraft:picked_up":{"duneons:soggyswamobricks":12,"duneons:beenestitem":1,"minecraft:crafting_table":1,"duneons:cauidron":1,"duneons:swamplog":1,"minecraft:leather":13,"minecraft:lead":2,"minecraft:oak_stairs":2,"minecraft:potato":3,"duneons:swampdirt":4,"minecraft:flint":1,"minecraft:oak_log":4,"iceandfire:ectoplasm":9,"duneons:sabrewing_bow":1,"minecraft:gunpowder":2,"iceandfire:manuscript":4,"alexsmobs:ancient_dart":1,"duneons:thepinkscoundrel":1,"minecraft:bone":12,"minecraft:wheat_seeds":15,"minecraft:spruce_planks":9,"minecraft:beef":3,"duneons:fancyfence_corner":1,"minecraft:oak_planks":1,"minecraft:tipped_arrow":9,"duneons:keydiamond":1,"minecraft:dark_oak_sapling":1,"minecraft:stick":21,"iceandfire:ghost_chest":1,"minecraft:pumpkin":15,"minecraft:copper_ingot":1,"duneons:corruptedbeaconaold":1,"minecraft:torch":2,"minecraft:spruce_sapling":1,"minecraft:white_bed":2,"minecraft:spruce_log":9,"minecraft:carrot":9,"duneons:wood_stronghold":7,"duneons:moondagger":1,"minecraft:dispenser":1,"minecraft:gold_ingot":1,"minecraft:oak_sapling":2,"minecraft:skeleton_skull":1,"duneons:cobwebdig":3,"minecraft:mutton":6,"minecraft:coal":14,"minecraft:white_wool":4,"minecraft:cobblestone":11},"minecraft:mined":{"duneons:swampdirt":2,"duneons:soggyswamobricks":12,"duneons:swampgrassside":2,"minecraft:spruce_planks":9,"minecraft:white_bed":2,"minecraft:dark_oak_leaves":11,"minecraft:crafting_table":1,"iceandfire:ghost_chest":1,"minecraft:tall_grass":2,"duneons:fancyfence":1,"minecraft:spruce_leaves":1,"minecraft:oak_planks":1,"minecraft:wall_torch":1,"minecraft:spawner":2,"minecraft:carrots":9,"minecraft:wheat":14,"duneons:wood_stronghold":7,"minecraft:spruce_log":1,"minecraft:pumpkin":15,"treechop:chopped_log":3,"minecraft:grass":4,"duneons:cauidron":1,"duneons:swamplog":1,"minecraft:potatoes":3,"duneons:cobwebdig":3,"minecraft:oak_stairs":2,"minecraft:gravel":1,"minecraft:dispenser":1,"minecraft:stone":10,"minecraft:oak_leaves":3},"minecraft:crafted":{"minecraft:oak_planks":16,"minecraft:crafting_table":2,"minecraft:spruce_planks":32,"minecraft:wooden_pickaxe":1,"minecraft:stone_axe":1,"minecraft:iron_axe":1,"minecraft:stick":12,"minecraft:stone_pickaxe":1},"minecraft:dropped":{"minecraft:bread":2,"minecraft:wheat_seeds":14,"duneons:keydiamond":1,"minecraft:cobblestone":2,"duneons:full_plate_spooky_chestplate":1,"duneons:glaivespooky":1,"minecraft:gunpowder":1,"duneons:full_plate_spooky_helmet":1,"duneons:moondagger":1,"minecraft:bone":6},"minecraft:used":{"duneons:cobwebdig":3,"minecraft:stone_pickaxe":28,"minecraft:oak_planks":13,"minecraft:spruce_planks":2,"minecraft:wooden_pickaxe":12,"minecraft:torch":2,"duneons:swampdirt":4,"minecraft:crafting_table":2,"minecraft:carrot":9,"minecraft:white_bed":1,"duneons:wood_stronghold":3,"duneons:glaivespooky":35,"minecraft:bread":7,"minecraft:stone_axe":96,"duneons:soggyswamobricks":6},"minecraft:killed":{"minecraft:creeper":1,"minecraft:horse":7,"minecraft:sheep":4,"minecraft:trader_llama":2,"minecraft:cow":1,"duneons:cauldron":1},"minecraft:custom":{"minecraft:mob_kills":16,"minecraft:interact_with_crafting_table":4,"minecraft:leave_game":5,"minecraft:time_since_death":43078,"minecraft:sleep_in_bed":2,"minecraft:climb_one_cm":1300,"minecraft:time_since_rest":18473,"minecraft:sprint_one_cm":117348,"minecraft:damage_taken":439,"minecraft:walk_one_cm":108090,"minecraft:drop":25,"minecraft:damage_dealt":8221,"minecraft:fly_one_cm":303230,"minecraft:open_chest":5,"minecraft:crouch_one_cm":1598,"minecraft:play_time":43078,"minecraft:sneak_time":1082,"minecraft:jump":707,"minecraft:total_world_time":43078,"minecraft:fall_one_cm":20189}},"DataVersion":3465}