{"stats":{"minecraft:dropped":{"minecraft:bread":2,"minecraft:wheat_seeds":15,"alexsmobs:banana_slug_slime":2,"minecraft:oak_log":1,"duneons:burstgale":1,"minecraft:crafting_table":1,"minecraft:cobblestone":3,"duneons:claymoreblade":1,"iceandfire:ectoplasm":9,"minecraft:dirt":2,"duneons:glaivespooky":2,"minecraft:gray_wool":1,"duneons:cauidron":1,"minecraft:rose_bush":2,"minecraft:brown_wool":1,"minecraft:snowball":12,"usefulbackpacks:backpack_small":1,"gravestone:obituary":10,"duneons:mountaineeraxeiron":1,"duneons:sabrewing_bow":2,"minecraft:iron_pickaxe":2,"minecraft:birch_log":3,"duneons:moondagger":1,"minecraft:bone":6,"minecraft:gravel":9,"minecraft:mangrove_roots":1,"biomesoplenty:yellow_autumn_sapling":1,"duneons:keydiamond":1,"minecraft:rotten_flesh":11,"minecraft:carrot":8,"duneons:full_plate_spooky_chestplate":2,"minecraft:leather_chestplate":2,"iceandfire:ghost_chest":1,"minecraft:gunpowder":1,"minecraft:spruce_planks":18,"duneons:scattermines":2,"duneons:full_plate_spooky_helmet":1,"duneons:tempestknifeblue":1,"iceandfire:pixie_dust":1,"minecraft:leather_leggings":3,"minecraft:raw_gold":8,"minecraft:wooden_pickaxe":1,"minecraft:calcite":9,"iceandfire:manuscript":4},"minecraft:killed":{"minecraft:cave_spider":4,"minecraft:spider":5,"minecraft:slime":11,"iceandfire:stymphalian_bird":1,"minecraft:horse":7,"minecraft:skeleton":6,"alexsmobs:banana_slug":1,"iceandfire:fire_dragon":1,"duneons:squallgolem":4,"minecraft:drowned":1,"artifacts:mimic":1,"duneons:cauldron":1,"minecraft:husk":4,"alexsmobs:grizzly_bear":1,"minecraft:creeper":4,"duneons:mountaineer":21,"minecraft:sheep":6,"minecraft:trader_llama":2,"duneons:tempestgolem":1,"minecraft:zombie":20,"alexsmobs:crocodile":1,"iceandfire:pixie":1,"minecraft:cow":1},"minecraft:mined":{"minecraft:dark_oak_planks":1,"duneons:swampdirt":2,"minecraft:tuff":8,"minecraft:spruce_planks":11,"minecraft:white_bed":3,"minecraft:dark_oak_leaves":11,"minecraft:jungle_leaves":23,"gravestone:gravestone":8,"minecraft:allium":1,"biomesoplenty:bush":1,"minecraft:grass_block":13,"duneons:fancyfence":1,"minecraft:spruce_leaves":4,"minecraft:spawner":3,"minecraft:furnace":2,"minecraft:carrots":9,"minecraft:cobbled_deepslate":1,"minecraft:barrel":2,"minecraft:andesite":1,"treechop:chopped_log":5,"minecraft:pumpkin":15,"minecraft:anvil":1,"duneons:swamplog":1,"minecraft:potatoes":3,"duneons:cobwebdig":3,"minecraft:oak_stairs":2,"biomesoplenty:webbing":7,"biomesoplenty:spider_egg":1,"minecraft:stone":67,"minecraft:smithing_table":1,"minecraft:deepslate_redstone_ore":1,"duneons:soggyswamobricks":12,"duneons:swampgrassside":2,"minecraft:red_bed":1,"minecraft:smoker":1,"minecraft:crafting_table":7,"minecraft:torch":2,"minecraft:calcite":74,"iceandfire:ghost_chest":1,"minecraft:chest":2,"minecraft:rose_bush":4,"minecraft:tall_grass":5,"minecraft:cobblestone":9,"minecraft:oak_planks":1,"minecraft:wall_torch":3,"minecraft:jungle_wood":29,"minecraft:wheat":14,"duneons:wood_stronghold":7,"minecraft:ice":6,"minecraft:spruce_log":1,"minecraft:yellow_bed":1,"minecraft:grass":10,"duneons:cauidron":1,"minecraft:dirt":23,"minecraft:gravel":12,"biomesoplenty:stringy_cobweb":1,"minecraft:cobweb":23,"minecraft:dispenser":1,"minecraft:oak_leaves":3,"minecraft:deepslate":106},"minecraft:broken":{"minecraft:stone_pickaxe":1,"duneons:rapierred":1,"minecraft:stone_axe":1,"minecraft:iron_pickaxe":1},"minecraft:picked_up":{"duneons:soggyswamobricks":12,"duneons:beenestitem":2,"minecraft:crafting_table":8,"minecraft:allium":1,"minecraft:anvil":1,"duneons:cauidron":1,"duneons:swamplog":1,"minecraft:leather_leggings":2,"minecraft:smithing_table":1,"minecraft:lead":4,"duneons:gildedglory_chestplate":1,"minecraft:oak_stairs":2,"minecraft:enchanted_book":1,"minecraft:diamond_horse_armor":1,"gravestone:obituary":2,"duneons:sabrewing_bow":4,"minecraft:shield":1,"iceandfire:manuscript":4,"minecraft:red_bed":1,"minecraft:string":32,"alexsmobs:ancient_dart":1,"biomesoplenty:yellow_autumn_sapling":1,"duneons:rapierred":1,"minecraft:cobbled_deepslate":108,"minecraft:bucket":1,"minecraft:spruce_planks":29,"minecraft:beef":3,"minecraft:rose_bush":2,"minecraft:calcite":72,"minecraft:jungle_sapling":2,"minecraft:iron_nugget":39,"minecraft:iron_pickaxe":1,"minecraft:chest":2,"minecraft:furnace":2,"minecraft:raw_iron":19,"minecraft:diamond_hoe":1,"minecraft:iron_boots":1,"iceandfire:pixie_dust":1,"minecraft:tipped_arrow":9,"minecraft:dark_oak_sapling":5,"minecraft:stick":22,"iceandfire:dragonbone":7,"iceandfire:ghost_chest":1,"minecraft:copper_ingot":2,"duneons:corruptedbeaconaold":2,"minecraft:torch":6,"minecraft:redstone":135,"minecraft:carrot":28,"alexsmobs:crocodile_scute":2,"minecraft:dark_oak_planks":1,"duneons:moondagger":1,"minecraft:rotten_flesh":25,"minecraft:arrow":3,"iceandfire:fire_dragon_heart":1,"minecraft:mangrove_roots":1,"minecraft:gold_ingot":17,"minecraft:mutton":9,"minecraft:skeleton_skull":1,"minecraft:white_wool":9,"minecraft:cobblestone":79,"minecraft:birch_log":3,"minecraft:leather_chestplate":1,"minecraft:andesite":1,"minecraft:brown_wool":2,"minecraft:leather":15,"minecraft:jungle_wood":30,"minecraft:smoker":1,"minecraft:potato":8,"duneons:burstgale":1,"duneons:swampdirt":4,"minecraft:flint":1,"minecraft:tuff":8,"minecraft:oak_log":20,"iceandfire:ectoplasm":9,"minecraft:yellow_bed":1,"minecraft:gunpowder":27,"minecraft:lapis_lazuli":32,"duneons:scattermines":1,"minecraft:dirt":37,"iceandfire:dragonscales_bronze":5,"minecraft:name_tag":1,"duneons:thepinkscoundrel":1,"minecraft:bone":14,"minecraft:wheat_seeds":19,"minecraft:raw_gold":21,"artifacts:whoopee_cushion":1,"duneons:tempestknifeblue":1,"minecraft:iron_ingot":1,"duneons:claymoreblade":2,"duneons:mountaineeraxeiron":1,"duneons:fancyfence_corner":1,"minecraft:iron_sword":1,"iceandfire:fire_dragon_flesh":2,"minecraft:oak_planks":1,"duneons:keydiamond":1,"minecraft:pumpkin":15,"minecraft:gravel":9,"iceandfire:dragon_skull_fire":1,"iceandfire:stymphalian_bird_feather":6,"minecraft:spruce_sapling":1,"minecraft:white_bed":3,"minecraft:spruce_log":9,"minecraft:spider_eye":4,"minecraft:barrel":2,"duneons:wood_stronghold":7,"minecraft:dispenser":1,"minecraft:slime_ball":6,"waystones:waystone":2,"minecraft:cherry_sapling":2,"minecraft:gray_wool":2,"minecraft:emerald":3,"minecraft:bread":2,"alexsmobs:banana_slug_slime":2,"minecraft:oak_sapling":6,"duneons:cobwebdig":3,"minecraft:coal":84,"iceandfire:raw_silver":7},"minecraft:killed_by":{"minecraft:skeleton":1,"minecraft:blaze":1,"iceandfire:fire_dragon":1},"minecraft:custom":{"minecraft:mob_kills":107,"minecraft:interact_with_crafting_table":32,"goblintraders:trade_with_goblin":9,"minecraft:open_barrel":17,"minecraft:leave_game":11,"minecraft:time_since_death":38801,"minecraft:climb_one_cm":6765,"minecraft:sprint_one_cm":423013,"minecraft:walk_one_cm":552050,"minecraft:damage_blocked_by_shield":393,"minecraft:drop":82,"minecraft:play_time":194434,"minecraft:sneak_time":3770,"minecraft:deaths":9,"minecraft:walk_under_water_one_cm":23007,"minecraft:boat_one_cm":28125,"minecraft:jump":3064,"minecraft:walk_on_water_one_cm":20466,"minecraft:total_world_time":194434,"minecraft:sleep_in_bed":4,"minecraft:time_since_rest":38827,"minecraft:waystone_activated":1,"minecraft:damage_taken":4591,"minecraft:damage_dealt":32745,"minecraft:player_kills":2,"minecraft:swim_one_cm":26738,"minecraft:fly_one_cm":684012,"minecraft:open_chest":151,"minecraft:crouch_one_cm":5942,"minecraft:interact_with_smoker":10,"minecraft:fall_one_cm":115379},"minecraft:crafted":{"minecraft:oak_planks":76,"minecraft:cooked_chicken":7,"usefulbackpacks:backpack_small":3,"minecraft:cooked_mutton":3,"minecraft:iron_axe":1,"minecraft:stone_pickaxe":1,"usefulbackpacks:backpack_medium":1,"minecraft:chest":10,"minecraft:magenta_dye":1,"minecraft:cooked_beef":7,"minecraft:raw_iron_block":5,"minecraft:cooked_cod":5,"minecraft:crafting_table":5,"minecraft:spruce_planks":32,"minecraft:baked_potato":6,"minecraft:wooden_pickaxe":1,"spartanweaponry:handle":4,"minecraft:cooked_salmon":1,"minecraft:stone_axe":1,"minecraft:bread":4,"minecraft:air":0,"spartanweaponry:iron_greatsword":1,"minecraft:oak_boat":1,"minecraft:white_wool":5,"usefulbackpacks:backpack_large":1,"minecraft:stick":16,"minecraft:iron_ingot":21,"minecraft:iron_pickaxe":3,"minecraft:gold_ingot":15,"minecraft:torch":60,"iceandfire:armor_bronze_helmet":1,"minecraft:shears":1},"minecraft:used":{"minecraft:chest":11,"minecraft:spruce_planks":12,"minecraft:shield":29,"minecraft:cooked_salmon":1,"minecraft:torch":25,"duneons:swampdirt":4,"minecraft:dirt":2,"minecraft:mutton":6,"minecraft:carrot":38,"duneons:wood_stronghold":3,"duneons:mountaineeraxeiron":4,"duneons:glaivespooky":131,"minecraft:iron_axe":72,"minecraft:beef":3,"duneons:soggyswamobricks":6,"minecraft:cobbled_deepslate":4,"spartanweaponry:iron_greatsword":65,"minecraft:calcite":63,"duneons:cobwebdig":3,"iceandfire:fire_dragon_flesh":1,"iceandfire:armor_bronze_helmet":1,"minecraft:stone_pickaxe":109,"minecraft:oak_planks":13,"minecraft:wooden_pickaxe":12,"minecraft:jungle_wood":3,"duneons:claymoreblade":2,"minecraft:crafting_table":11,"minecraft:white_bed":3,"minecraft:smoker":1,"waystones:waystone":1,"minecraft:iron_pickaxe":227,"minecraft:bread":21,"minecraft:stone_axe":96,"minecraft:cobblestone":45,"minecraft:andesite":1,"duneons:rapierred":213,"minecraft:ice":6,"minecraft:oak_boat":1,"minecraft:cobweb":17}},"DataVersion":3465}