{"stats":{"minecraft:broken":{"minecraft:stone_pickaxe":1,"minecraft:stone_axe":1},"minecraft:picked_up":{"duneons:soggyswamobricks":12,"duneons:beenestitem":1,"minecraft:crafting_table":4,"minecraft:leather_chestplate":1,"duneons:cauidron":1,"duneons:swamplog":1,"minecraft:andesite":1,"minecraft:brown_wool":1,"minecraft:leather":15,"minecraft:lead":2,"duneons:gildedglory_chestplate":1,"minecraft:oak_stairs":2,"minecraft:potato":3,"duneons:swampdirt":4,"minecraft:flint":1,"minecraft:oak_log":4,"iceandfire:ectoplasm":9,"duneons:sabrewing_bow":2,"minecraft:gunpowder":2,"iceandfire:manuscript":4,"minecraft:string":2,"minecraft:dirt":3,"alexsmobs:ancient_dart":1,"duneons:thepinkscoundrel":1,"minecraft:bone":12,"duneons:rapierred":1,"minecraft:wheat_seeds":15,"minecraft:spruce_planks":11,"duneons:claymoreblade":1,"minecraft:beef":3,"duneons:tempestknifeblue":1,"duneons:mountaineeraxeiron":1,"minecraft:calcite":72,"duneons:fancyfence_corner":1,"minecraft:oak_planks":1,"minecraft:tipped_arrow":9,"duneons:keydiamond":1,"minecraft:dark_oak_sapling":1,"minecraft:stick":21,"iceandfire:ghost_chest":1,"minecraft:pumpkin":15,"minecraft:copper_ingot":1,"minecraft:torch":2,"duneons:corruptedbeaconaold":1,"minecraft:gravel":9,"minecraft:spruce_sapling":1,"minecraft:white_bed":3,"minecraft:spruce_log":9,"minecraft:carrot":9,"duneons:wood_stronghold":7,"duneons:moondagger":1,"minecraft:dispenser":1,"waystones:waystone":2,"minecraft:gray_wool":1,"minecraft:gold_ingot":1,"alexsmobs:banana_slug_slime":2,"minecraft:oak_sapling":2,"duneons:cobwebdig":3,"minecraft:mutton":6,"minecraft:coal":28,"minecraft:skeleton_skull":1,"minecraft:white_wool":7,"minecraft:cobblestone":13},"minecraft:mined":{"duneons:swampdirt":2,"duneons:soggyswamobricks":12,"duneons:swampgrassside":2,"minecraft:spruce_planks":11,"minecraft:white_bed":3,"minecraft:dark_oak_leaves":11,"minecraft:crafting_table":4,"gravestone:gravestone":1,"minecraft:calcite":74,"minecraft:grass_block":3,"iceandfire:ghost_chest":1,"minecraft:tall_grass":2,"duneons:fancyfence":1,"minecraft:spruce_leaves":2,"minecraft:oak_planks":1,"minecraft:wall_torch":1,"minecraft:spawner":2,"minecraft:carrots":9,"minecraft:wheat":14,"duneons:wood_stronghold":7,"minecraft:spruce_log":1,"minecraft:andesite":1,"minecraft:pumpkin":15,"treechop:chopped_log":3,"minecraft:grass":4,"duneons:cauidron":1,"duneons:swamplog":1,"minecraft:potatoes":3,"duneons:cobwebdig":3,"minecraft:oak_stairs":2,"minecraft:gravel":12,"minecraft:dispenser":1,"minecraft:stone":13,"minecraft:oak_leaves":3},"minecraft:crafted":{"minecraft:oak_planks":16,"minecraft:crafting_table":2,"minecraft:spruce_planks":32,"minecraft:wooden_pickaxe":1,"usefulbackpacks:backpack_small":1,"minecraft:stone_axe":1,"minecraft:iron_axe":1,"minecraft:stick":12,"minecraft:stone_pickaxe":1},"minecraft:dropped":{"minecraft:gravel":9,"minecraft:bread":2,"minecraft:wheat_seeds":14,"duneons:keydiamond":1,"minecraft:cobblestone":3,"iceandfire:ectoplasm":9,"duneons:full_plate_spooky_chestplate":2,"minecraft:leather_chestplate":1,"duneons:glaivespooky":2,"iceandfire:ghost_chest":1,"minecraft:gunpowder":1,"duneons:scattermines":1,"duneons:full_plate_spooky_helmet":1,"duneons:tempestknifeblue":1,"gravestone:obituary":1,"minecraft:wooden_pickaxe":1,"iceandfire:manuscript":4,"minecraft:bone":6,"duneons:moondagger":1},"minecraft:used":{"duneons:cobwebdig":3,"minecraft:stone_pickaxe":109,"minecraft:oak_planks":13,"minecraft:wooden_pickaxe":12,"minecraft:spruce_planks":12,"minecraft:torch":2,"duneons:swampdirt":4,"minecraft:dirt":2,"minecraft:mutton":6,"minecraft:crafting_table":4,"minecraft:white_bed":2,"minecraft:carrot":14,"duneons:wood_stronghold":3,"duneons:glaivespooky":131,"duneons:mountaineeraxeiron":4,"minecraft:iron_axe":6,"minecraft:bread":8,"minecraft:stone_axe":96,"minecraft:cobblestone":1,"minecraft:beef":3,"duneons:rapierred":33,"minecraft:andesite":1,"duneons:soggyswamobricks":6,"minecraft:calcite":1},"minecraft:killed":{"minecraft:spider":1,"minecraft:creeper":1,"duneons:mountaineer":21,"minecraft:sheep":4,"minecraft:horse":7,"minecraft:trader_llama":2,"duneons:tempestgolem":1,"alexsmobs:crocodile":1,"alexsmobs:banana_slug":1,"minecraft:zombie":2,"duneons:squallgolem":4,"minecraft:cow":1,"duneons:cauldron":1},"minecraft:custom":{"minecraft:mob_kills":47,"minecraft:interact_with_crafting_table":9,"minecraft:leave_game":9,"minecraft:time_since_death":10230,"minecraft:sleep_in_bed":3,"minecraft:climb_one_cm":1736,"minecraft:time_since_rest":10344,"minecraft:sprint_one_cm":207378,"minecraft:damage_taken":1005,"minecraft:walk_one_cm":207893,"minecraft:drop":37,"minecraft:damage_dealt":20479,"minecraft:swim_one_cm":2027,"minecraft:fly_one_cm":456037,"minecraft:open_chest":9,"minecraft:crouch_one_cm":2453,"minecraft:play_time":72452,"minecraft:deaths":1,"minecraft:sneak_time":1615,"minecraft:walk_under_water_one_cm":6802,"minecraft:jump":1338,"minecraft:walk_on_water_one_cm":3733,"minecraft:total_world_time":72452,"minecraft:fall_one_cm":39250}},"DataVersion":3465}