{"stats":{"minecraft:picked_up":{"duneons:soggyswamobricks":12,"minecraft:crafting_table":1,"duneons:cauidron":1,"duneons:swamplog":1,"minecraft:leather":13,"minecraft:lead":2,"minecraft:potato":3,"duneons:swampdirt":4,"minecraft:flint":1,"minecraft:oak_log":4,"minecraft:wheat_seeds":15,"minecraft:spruce_planks":5,"minecraft:beef":3,"duneons:fancyfence_corner":1,"duneons:keydiamond":1,"minecraft:stick":1,"minecraft:pumpkin":15,"minecraft:torch":1,"minecraft:spruce_sapling":1,"minecraft:white_bed":2,"minecraft:spruce_log":8,"minecraft:carrot":9,"duneons:wood_stronghold":3,"minecraft:oak_sapling":2,"duneons:cobwebdig":3,"minecraft:mutton":6,"minecraft:coal":14,"minecraft:white_wool":4,"minecraft:cobblestone":11},"minecraft:mined":{"duneons:swampdirt":2,"duneons:soggyswamobricks":12,"duneons:swampgrassside":2,"minecraft:spruce_planks":5,"minecraft:white_bed":2,"minecraft:crafting_table":1,"minecraft:tall_grass":2,"duneons:fancyfence":1,"minecraft:spruce_leaves":1,"minecraft:spawner":1,"minecraft:carrots":9,"minecraft:wheat":14,"duneons:wood_stronghold":3,"minecraft:pumpkin":15,"treechop:chopped_log":3,"minecraft:grass":3,"duneons:cauidron":1,"duneons:swamplog":1,"minecraft:potatoes":3,"duneons:cobwebdig":3,"minecraft:gravel":1,"minecraft:stone":10,"minecraft:oak_leaves":3},"minecraft:crafted":{"minecraft:crafting_table":1,"minecraft:spruce_planks":32,"minecraft:wooden_pickaxe":1,"minecraft:stone_axe":1,"minecraft:stick":8,"minecraft:stone_pickaxe":1},"minecraft:dropped":{"minecraft:wheat_seeds":14,"duneons:keydiamond":1,"minecraft:cobblestone":2,"duneons:full_plate_spooky_helmet":1},"minecraft:used":{"duneons:cobwebdig":3,"minecraft:stone_pickaxe":22,"minecraft:wooden_pickaxe":12,"duneons:swampdirt":4,"minecraft:crafting_table":1,"minecraft:carrot":5,"minecraft:white_bed":1,"duneons:wood_stronghold":3,"duneons:glaivespooky":2,"minecraft:bread":3,"minecraft:stone_axe":81},"minecraft:killed":{"minecraft:horse":7,"minecraft:sheep":4,"minecraft:trader_llama":2,"minecraft:cow":1},"minecraft:custom":{"minecraft:mob_kills":14,"minecraft:interact_with_crafting_table":3,"minecraft:leave_game":5,"minecraft:time_since_death":25078,"minecraft:sleep_in_bed":2,"minecraft:climb_one_cm":876,"minecraft:time_since_rest":473,"minecraft:sprint_one_cm":57558,"minecraft:damage_taken":205,"minecraft:walk_one_cm":53378,"minecraft:drop":18,"minecraft:damage_dealt":3138,"minecraft:fly_one_cm":235707,"minecraft:open_chest":2,"minecraft:crouch_one_cm":82,"minecraft:play_time":25078,"minecraft:sneak_time":457,"minecraft:jump":419,"minecraft:total_world_time":25078,"minecraft:fall_one_cm":12437}},"DataVersion":3465}