{"stats":{"minecraft:broken":{"minecraft:stone_axe":1},"minecraft:picked_up":{"duneons:soggyswamobricks":12,"duneons:beenestitem":1,"minecraft:crafting_table":2,"minecraft:leather_chestplate":1,"duneons:cauidron":1,"duneons:swamplog":1,"minecraft:leather":13,"minecraft:lead":2,"minecraft:oak_stairs":2,"minecraft:potato":3,"duneons:swampdirt":4,"minecraft:flint":1,"minecraft:oak_log":4,"iceandfire:ectoplasm":9,"duneons:sabrewing_bow":2,"minecraft:gunpowder":2,"iceandfire:manuscript":4,"alexsmobs:ancient_dart":1,"duneons:thepinkscoundrel":1,"minecraft:bone":12,"duneons:rapierred":1,"minecraft:wheat_seeds":15,"duneons:claymoreblade":1,"duneons:tempestknifeblue":1,"minecraft:calcite":36,"minecraft:spruce_planks":11,"duneons:mountaineeraxeiron":1,"minecraft:beef":3,"duneons:fancyfence_corner":1,"minecraft:oak_planks":1,"minecraft:dark_oak_sapling":1,"duneons:keydiamond":1,"minecraft:tipped_arrow":9,"minecraft:stick":21,"iceandfire:ghost_chest":1,"minecraft:pumpkin":15,"minecraft:copper_ingot":1,"minecraft:torch":2,"duneons:corruptedbeaconaold":1,"minecraft:spruce_sapling":1,"minecraft:carrot":9,"minecraft:white_bed":3,"minecraft:spruce_log":9,"duneons:wood_stronghold":7,"duneons:moondagger":1,"minecraft:dispenser":1,"minecraft:gold_ingot":1,"minecraft:oak_sapling":2,"duneons:cobwebdig":3,"minecraft:mutton":6,"minecraft:coal":14,"minecraft:skeleton_skull":1,"minecraft:white_wool":4,"minecraft:cobblestone":11},"minecraft:mined":{"duneons:swampdirt":2,"duneons:soggyswamobricks":12,"duneons:swampgrassside":2,"minecraft:spruce_planks":11,"minecraft:white_bed":3,"minecraft:dark_oak_leaves":11,"minecraft:crafting_table":2,"minecraft:calcite":38,"iceandfire:ghost_chest":1,"minecraft:tall_grass":2,"duneons:fancyfence":1,"minecraft:spruce_leaves":1,"minecraft:oak_planks":1,"minecraft:wall_torch":1,"minecraft:spawner":2,"minecraft:carrots":9,"minecraft:wheat":14,"duneons:wood_stronghold":7,"minecraft:spruce_log":1,"minecraft:pumpkin":15,"treechop:chopped_log":3,"minecraft:grass":4,"duneons:cauidron":1,"duneons:swamplog":1,"minecraft:potatoes":3,"duneons:cobwebdig":3,"minecraft:oak_stairs":2,"minecraft:gravel":1,"minecraft:dispenser":1,"minecraft:stone":10,"minecraft:oak_leaves":3},"minecraft:crafted":{"minecraft:oak_planks":16,"minecraft:crafting_table":2,"minecraft:spruce_planks":32,"minecraft:wooden_pickaxe":1,"minecraft:stone_axe":1,"minecraft:iron_axe":1,"minecraft:stick":12,"minecraft:stone_pickaxe":1},"minecraft:dropped":{"minecraft:bread":2,"minecraft:wheat_seeds":14,"duneons:keydiamond":1,"minecraft:cobblestone":2,"iceandfire:ectoplasm":9,"duneons:full_plate_spooky_chestplate":1,"minecraft:leather_chestplate":1,"duneons:glaivespooky":2,"iceandfire:ghost_chest":1,"minecraft:gunpowder":1,"duneons:full_plate_spooky_helmet":1,"minecraft:wooden_pickaxe":1,"iceandfire:manuscript":4,"minecraft:bone":6,"duneons:moondagger":1},"minecraft:used":{"duneons:cobwebdig":3,"minecraft:stone_pickaxe":64,"minecraft:oak_planks":13,"minecraft:wooden_pickaxe":12,"minecraft:spruce_planks":12,"minecraft:torch":2,"duneons:swampdirt":4,"minecraft:mutton":3,"minecraft:crafting_table":2,"minecraft:carrot":9,"minecraft:white_bed":2,"duneons:mountaineeraxeiron":2,"duneons:wood_stronghold":3,"duneons:glaivespooky":131,"minecraft:iron_axe":4,"minecraft:bread":8,"minecraft:stone_axe":96,"minecraft:beef":3,"duneons:rapierred":18,"duneons:soggyswamobricks":6},"minecraft:killed":{"minecraft:creeper":1,"duneons:mountaineer":21,"minecraft:sheep":4,"minecraft:horse":7,"minecraft:trader_llama":2,"duneons:tempestgolem":1,"minecraft:zombie":2,"duneons:squallgolem":3,"minecraft:cow":1,"duneons:cauldron":1},"minecraft:custom":{"minecraft:mob_kills":43,"minecraft:interact_with_crafting_table":6,"minecraft:leave_game":6,"minecraft:time_since_death":54289,"minecraft:sleep_in_bed":3,"minecraft:climb_one_cm":1300,"minecraft:time_since_rest":8774,"minecraft:sprint_one_cm":151488,"minecraft:damage_taken":717,"minecraft:walk_one_cm":156486,"minecraft:drop":31,"minecraft:damage_dealt":18507,"minecraft:swim_one_cm":2027,"minecraft:fly_one_cm":350707,"minecraft:open_chest":5,"minecraft:crouch_one_cm":1623,"minecraft:play_time":54289,"minecraft:sneak_time":1104,"minecraft:walk_under_water_one_cm":5371,"minecraft:jump":878,"minecraft:walk_on_water_one_cm":1859,"minecraft:total_world_time":54289,"minecraft:fall_one_cm":25071}},"DataVersion":3465}