{"stats":{"minecraft:picked_up":{"duneons:keydiamond":1,"minecraft:stick":1,"minecraft:crafting_table":1,"minecraft:pumpkin":15,"minecraft:leather":5,"minecraft:lead":2,"minecraft:torch":1,"minecraft:potato":3,"minecraft:spruce_sapling":1,"minecraft:carrot":9,"minecraft:spruce_log":8,"minecraft:wheat_seeds":15,"minecraft:mutton":6,"minecraft:coal":3,"minecraft:white_wool":4,"minecraft:cobblestone":11},"minecraft:mined":{"minecraft:carrots":9,"minecraft:wheat":14,"minecraft:pumpkin":15,"treechop:chopped_log":1,"minecraft:crafting_table":1,"minecraft:grass":2,"minecraft:potatoes":3,"minecraft:tall_grass":2,"minecraft:spruce_leaves":1,"minecraft:stone":10},"minecraft:crafted":{"minecraft:crafting_table":1,"minecraft:spruce_planks":32,"minecraft:stick":8,"minecraft:wooden_pickaxe":1,"minecraft:stone_pickaxe":1,"minecraft:stone_axe":1},"minecraft:dropped":{"minecraft:wheat_seeds":14,"duneons:keydiamond":1,"minecraft:cobblestone":2},"minecraft:used":{"minecraft:wooden_pickaxe":12,"minecraft:stone_axe":41,"minecraft:crafting_table":1,"minecraft:carrot":5},"minecraft:killed":{"minecraft:horse":2,"minecraft:sheep":4,"minecraft:trader_llama":2},"minecraft:custom":{"minecraft:time_since_rest":16725,"minecraft:sprint_one_cm":30938,"minecraft:damage_taken":85,"minecraft:walk_one_cm":27688,"minecraft:mob_kills":8,"minecraft:drop":17,"minecraft:damage_dealt":1663,"minecraft:interact_with_crafting_table":3,"minecraft:fly_one_cm":197312,"minecraft:crouch_one_cm":35,"minecraft:play_time":16725,"minecraft:sneak_time":403,"minecraft:jump":225,"minecraft:leave_game":5,"minecraft:time_since_death":16725,"minecraft:total_world_time":16725,"minecraft:fall_one_cm":6761}},"DataVersion":3465}